City_ID,City,Country,Date,Lat,Lng,Max Temp,Humidity,Cloudiness,Wind Speed
0,Krasnoufimsk,RU,2020-11-13 08:13:45,56.61,57.77,20.23,95,100,9.17
1,Rikitea,PF,2020-11-13 08:13:45,-23.12,-134.97,74.34,81,100,18.7
2,Albany,US,2020-11-13 08:10:31,42.6,-73.97,35.01,88,20,4.7
3,Vaini,TO,2020-11-13 08:13:46,-21.2,-175.2,77.0,88,75,4.7
4,Broome,US,2020-11-13 08:13:46,42.25,-75.83,30.2,92,1,6.93
5,Tasiilaq,GL,2020-11-13 08:13:46,65.61,-37.64,21.2,57,0,4.7
6,Esso,RU,2020-11-13 08:13:46,55.93,158.7,9.86,90,83,3.02
7,Kahului,US,2020-11-13 08:10:12,20.89,-156.47,73.4,78,40,8.05
8,Mataura,NZ,2020-11-13 08:13:46,-46.19,168.86,63.0,46,0,10.0
9,Ushuaia,AR,2020-11-13 08:12:16,-54.8,-68.3,44.6,70,20,6.33
10,Victoria,HK,2020-11-13 08:11:38,22.29,114.16,78.8,36,20,10.29
11,Butaritari,KI,2020-11-13 08:13:47,3.07,172.79,81.32,73,56,12.15
12,Leningradskiy,RU,2020-11-13 08:13:47,69.38,178.42,13.1,94,100,15.37
13,Carnarvon,AU,2020-11-13 08:13:47,-24.87,113.63,75.2,53,0,14.99
14,Yaan,NG,2020-11-13 08:13:47,7.38,8.57,82.49,49,87,3.78
15,Jalu,LY,2020-11-13 08:13:47,29.03,21.55,70.65,60,99,7.34
16,Pevek,RU,2020-11-13 08:13:47,69.7,170.31,10.13,96,95,2.75
17,Ukiah,US,2020-11-13 08:13:47,39.15,-123.21,44.6,70,75,1.16
18,Yellowknife,CA,2020-11-13 08:13:47,62.46,-114.35,3.99,84,5,5.82
19,Bluff,NZ,2020-11-13 08:13:48,-46.6,168.33,63.0,46,27,10.0
20,Punta Arenas,CL,2020-11-13 08:13:48,-53.15,-70.92,42.8,70,0,19.46
21,Nouadhibou,MR,2020-11-13 08:13:48,20.93,-17.03,69.8,56,0,9.17
22,Chiang Klang,TH,2020-11-13 08:13:48,19.29,100.86,87.8,48,0,3.36
23,Saint George,US,2020-11-13 08:13:48,37.1,-113.58,42.01,51,1,2.98
24,Okakarara,NA,2020-11-13 08:13:48,-20.58,17.43,79.39,34,100,11.27
25,Atbasar,KZ,2020-11-13 08:13:49,51.8,68.33,24.58,94,100,19.06
26,Nkayi,CG,2020-11-13 08:13:49,-4.18,13.29,77.63,88,100,5.17
27,Geraldton,AU,2020-11-13 08:13:49,-28.77,114.6,75.2,64,40,17.22
28,Lorengau,PG,2020-11-13 08:13:49,-2.02,147.27,84.18,72,100,3.6
29,Severo-Kurilsk,RU,2020-11-13 08:13:49,50.68,156.12,40.59,82,95,8.01
30,Alamogordo,US,2020-11-13 08:13:49,32.9,-105.96,41.0,55,1,5.82
31,Arraial Do Cabo,BR,2020-11-13 08:13:49,-22.97,-42.03,72.32,95,100,11.5
32,Tarko-Sale,RU,2020-11-13 08:13:49,64.92,77.78,-5.01,83,77,8.16
33,Tezu,IN,2020-11-13 08:13:50,27.92,96.17,83.19,37,0,2.28
34,East London,ZA,2020-11-13 08:13:50,-33.02,27.91,77.0,65,0,16.11
35,Cape Town,ZA,2020-11-13 08:09:36,-33.93,18.42,75.0,77,20,10.29
36,Busselton,AU,2020-11-13 08:13:50,-33.65,115.33,62.01,81,64,1.99
37,Bredasdorp,ZA,2020-11-13 08:13:50,-34.53,20.04,86.0,33,0,11.41
38,Cidreira,BR,2020-11-13 08:13:50,-30.18,-50.21,66.7,95,7,2.17
39,Tanout,NE,2020-11-13 08:13:50,14.97,8.89,76.05,24,45,18.59
40,Hami,CN,2020-11-13 08:13:50,42.8,93.45,58.33,28,0,8.72
41,Mucuri,BR,2020-11-13 08:13:51,-18.09,-39.55,73.96,85,100,12.3
42,San Policarpo,PH,2020-11-13 08:13:51,12.18,125.51,83.62,77,59,6.96
43,Cairns,AU,2020-11-13 08:13:01,-16.92,145.77,80.01,65,40,4.7
44,Opportunity,US,2020-11-13 08:13:51,47.65,-117.24,35.6,64,90,8.05
45,Katobu,ID,2020-11-13 08:13:51,-4.94,122.53,89.71,52,29,0.92
46,Jamestown,US,2020-11-13 08:13:51,42.1,-79.24,32.0,97,1,4.7
47,Khatanga,RU,2020-11-13 08:13:52,71.97,102.5,-11.58,90,0,6.29
48,Bambari,CF,2020-11-13 08:13:52,5.77,20.68,81.9,47,92,4.88
49,Sept-Iles,CA,2020-11-13 08:13:52,50.2,-66.38,32.0,85,5,8.05
50,Camana,PE,2020-11-13 08:13:52,-16.62,-72.71,64.17,73,73,6.49
51,Avera,US,2020-11-13 08:13:52,33.19,-82.53,68.0,90,90,3.36
52,Hilo,US,2020-11-13 08:13:52,19.73,-155.09,71.6,83,90,3.96
53,Chuy,UY,2020-11-13 08:13:52,-33.7,-53.46,64.9,91,100,6.51
54,Anadyr,RU,2020-11-13 08:10:06,64.75,177.48,21.2,79,0,15.66
55,Lebu,CL,2020-11-13 08:13:53,-37.62,-73.65,51.71,93,100,4.29
56,Barrow,US,2020-11-13 08:13:53,71.29,-156.79,8.6,78,90,10.29
57,Kapaa,US,2020-11-13 08:13:53,22.08,-159.32,78.8,78,40,20.8
58,Port Alfred,ZA,2020-11-13 08:13:53,-33.59,26.89,79.18,54,0,19.95
59,Hobart,AU,2020-11-13 08:13:53,-42.88,147.33,61.0,77,75,14.99
60,Stokmarknes,NO,2020-11-13 08:13:53,68.56,14.91,48.2,76,75,13.87
61,Haines Junction,CA,2020-11-13 08:13:54,60.75,-137.51,6.8,92,100,0.92
62,Puerto Ayora,EC,2020-11-13 08:13:54,-0.74,-90.35,66.0,98,97,1.99
63,Aklavik,CA,2020-11-13 08:13:54,68.22,-135.01,1.4,84,100,3.36
64,Dasoguz,TM,2020-11-13 08:13:54,41.84,59.97,42.8,41,0,4.7
65,Sisimiut,GL,2020-11-13 08:13:54,66.94,-53.67,23.49,93,100,19.06
66,Kaka,TM,2020-11-13 08:13:54,37.35,59.61,49.89,47,100,3.51
67,Maragogi,BR,2020-11-13 08:13:55,-9.01,-35.22,75.27,84,27,7.27
68,Provideniya,RU,2020-11-13 08:13:55,64.38,-173.3,24.57,90,100,17.87
69,Hithadhoo,MV,2020-11-13 08:13:55,-0.6,73.08,82.44,79,100,19.69
70,Liwale,TZ,2020-11-13 08:13:55,-9.77,37.93,81.16,64,81,4.72
71,Port Moresby,PG,2020-11-13 08:13:55,-9.44,147.18,82.4,65,20,17.22
72,Aitape,PG,2020-11-13 08:13:56,-3.14,142.35,82.67,75,41,3.98
73,Port Hedland,AU,2020-11-13 08:13:56,-20.32,118.57,96.8,25,0,23.04
74,Yumen,CN,2020-11-13 08:13:56,40.28,97.2,52.05,36,0,13.65
75,Ekibastuz,KZ,2020-11-13 08:13:56,51.67,75.37,30.83,82,100,19.35
76,Darmstadt,DE,2020-11-13 08:13:56,49.83,8.67,45.0,99,100,3.76
77,Solnechnyy,RU,2020-11-13 08:13:56,50.72,136.63,27.41,96,99,5.55
78,Le Port,RE,2020-11-13 08:13:56,-20.94,55.29,82.4,65,75,10.29
79,San Andres,CO,2020-11-13 08:13:56,12.58,-81.7,82.29,76,2,9.44
80,Atuona,PF,2020-11-13 08:13:57,-9.8,-139.03,77.27,79,9,15.79
81,Saskylakh,RU,2020-11-13 08:13:57,71.92,114.08,-11.65,89,93,1.03
82,Lagoa,PT,2020-11-13 08:13:57,39.05,-27.98,64.0,82,100,11.59
83,Umm Kaddadah,SD,2020-11-13 08:13:57,13.6,26.69,76.73,19,33,20.98
84,Selikhino,RU,2020-11-13 08:13:57,50.37,137.5,29.86,97,100,8.5
85,Luderitz,NA,2020-11-13 08:13:57,-26.65,15.16,69.69,58,2,16.84
86,Cabo San Lucas,MX,2020-11-13 08:13:57,22.89,-109.91,68.0,72,100,1.01
87,Sobolevo,RU,2020-11-13 08:13:58,54.43,31.9,32.29,93,100,6.62
88,Torbay,CA,2020-11-13 08:13:58,47.67,-52.73,41.0,86,90,4.7
89,Samana,DO,2020-11-13 08:13:58,19.21,-69.34,75.65,86,95,8.68
90,Necochea,AR,2020-11-13 08:13:58,-38.55,-58.74,61.0,92,61,7.0
91,Airai,TL,2020-11-13 08:13:58,-8.93,125.41,75.47,58,51,2.57
92,Tiksi,RU,2020-11-13 08:13:58,71.69,128.87,-1.59,94,100,2.13
93,Manacapuru,BR,2020-11-13 08:13:58,-3.3,-60.62,77.0,94,0,2.48
94,Mar Del Plata,AR,2020-11-13 08:09:54,-38.0,-57.56,64.0,100,40,6.93
95,Kodiak,US,2020-11-13 08:13:59,57.79,-152.41,39.2,44,1,13.87
96,Raudeberg,NO,2020-11-13 08:13:59,61.99,5.14,55.0,60,91,11.52
97,Arman,RU,2020-11-13 08:13:59,59.7,150.17,8.67,85,100,7.54
98,Sao Filipe,CV,2020-11-13 08:13:59,14.9,-24.5,79.3,70,30,3.42
99,Nabire,ID,2020-11-13 08:13:59,-3.37,135.48,81.81,83,100,4.25
100,Puerto Ayacucho,VE,2020-11-13 08:13:59,5.66,-67.62,75.04,94,100,3.96
101,Sitka,US,2020-11-13 08:13:59,57.05,-135.33,37.4,86,90,6.93
102,Alta Floresta,BR,2020-11-13 08:13:59,-9.88,-56.09,70.54,96,100,0.56
103,Zhanakorgan,KZ,2020-11-13 08:14:00,43.91,67.25,39.51,64,24,4.61
104,Ponta Do Sol,PT,2020-11-13 08:14:00,32.67,-17.1,68.0,82,40,12.75
105,Glyadyanskoye,RU,2020-11-13 08:14:00,54.91,65.09,27.73,97,100,10.29
106,Mount Gambier,AU,2020-11-13 08:14:00,-37.83,140.77,57.2,76,90,12.75
107,Tuktoyaktuk,CA,2020-11-13 08:14:00,69.45,-133.04,-5.57,92,80,4.63
108,Loreto,MX,2020-11-13 08:14:00,22.27,-101.97,55.2,60,8,2.24
109,Salinopolis,BR,2020-11-13 08:14:00,-0.61,-47.36,79.72,82,96,8.63
110,Luba,GQ,2020-11-13 08:14:01,3.46,8.55,80.6,100,75,4.7
111,Teya,RU,2020-11-13 08:14:01,60.38,92.63,22.06,94,100,7.25
112,Los Llanos De Aridane,ES,2020-11-13 08:14:01,28.66,-17.92,71.6,83,0,10.29
113,Bathsheba,BB,2020-11-13 08:14:01,13.22,-59.52,78.8,88,75,10.29
114,Hasaki,JP,2020-11-13 08:12:35,35.73,140.83,62.6,72,20,5.82
115,Castro,BR,2020-11-13 08:09:55,-24.79,-50.01,59.25,97,100,3.31
116,Ribeira Grande,PT,2020-11-13 08:14:01,38.52,-28.7,62.6,88,40,5.82
117,Cayenne,GF,2020-11-13 08:14:02,4.93,-52.33,75.2,100,1,2.24
118,Vila Velha,BR,2020-11-13 08:10:42,-20.33,-40.29,77.0,69,75,9.17
119,Mayo,US,2020-11-13 08:14:02,38.89,-76.51,51.01,93,90,3.36
120,Constitucion,CL,2020-11-13 08:14:02,-35.33,-72.42,52.09,90,100,5.14
121,New Norfolk,AU,2020-11-13 08:14:02,-42.78,147.06,61.0,48,100,1.99
122,Ketchikan,US,2020-11-13 08:13:17,55.34,-131.65,41.0,100,90,4.7
123,Praia Da Vitoria,PT,2020-11-13 08:14:02,38.73,-27.07,57.0,93,20,6.22
124,Bhadrachalam,IN,2020-11-13 08:14:02,17.67,80.88,88.47,51,0,2.71
125,Georgetown,MY,2020-11-13 08:12:45,5.41,100.34,87.8,70,20,9.17
126,Pavilosta,LV,2020-11-13 08:14:03,56.89,21.19,41.0,93,100,11.41
127,Hermanus,ZA,2020-11-13 08:14:03,-34.42,19.23,81.0,43,75,3.0
128,Malartic,CA,2020-11-13 08:14:03,48.13,-78.13,36.0,93,75,9.17
129,Pacific Grove,US,2020-11-13 08:14:03,36.62,-121.92,51.8,76,1,11.41
130,Manta,EC,2020-11-13 08:10:06,-0.95,-80.73,71.6,83,0,10.29
131,Abu Samrah,SY,2020-11-13 08:14:03,35.3,37.18,67.41,45,0,4.38
132,Pangody,RU,2020-11-13 08:14:04,65.85,74.49,-4.52,92,87,6.91
133,Uniontown,US,2020-11-13 08:14:04,39.9,-79.72,37.4,93,90,3.36
134,Grindavik,IS,2020-11-13 08:14:04,63.84,-22.43,35.6,93,0,9.17
135,Prieska,ZA,2020-11-13 08:14:04,-29.66,22.75,86.9,25,0,23.26
136,Usta Muhammad,PK,2020-11-13 08:14:04,28.18,68.04,90.27,12,0,7.14
137,Aden,YE,2020-11-13 08:14:04,12.78,45.04,81.19,69,62,12.1
138,Senneterre,CA,2020-11-13 08:14:04,48.38,-77.23,32.0,93,75,9.17
139,Sokol,RU,2020-11-13 08:14:04,59.46,40.12,34.05,96,100,6.55
140,Khor,RU,2020-11-13 08:14:05,47.89,134.95,27.39,95,92,8.75
141,North Bend,US,2020-11-13 08:09:27,43.41,-124.22,51.8,81,90,14.99
142,Norman Wells,CA,2020-11-13 08:14:05,65.28,-126.83,5.0,84,90,19.46
143,Alofi,NU,2020-11-13 08:14:05,-19.06,-169.92,77.0,88,95,5.82
144,Nikolskoye,RU,2020-11-13 08:14:05,59.7,30.79,39.2,80,90,2.24
145,Carutapera,BR,2020-11-13 08:14:06,-1.2,-46.02,77.5,89,56,5.88
146,Tongren,CN,2020-11-13 08:13:38,27.72,109.19,69.82,44,0,7.11
147,Khani,GE,2020-11-13 08:14:06,41.96,42.96,57.2,62,0,14.99
148,Tual,ID,2020-11-13 08:14:06,-5.67,132.75,84.15,71,44,2.08
149,Chokwe,MZ,2020-11-13 08:14:06,-24.53,32.98,84.58,38,15,4.27
150,Pangnirtung,CA,2020-11-13 08:14:06,66.15,-65.71,8.74,90,100,7.11
151,Lamar,US,2020-11-13 08:14:07,33.67,-95.58,57.2,82,40,9.17
152,Port Elizabeth,ZA,2020-11-13 08:14:07,-33.92,25.57,73.4,69,0,10.29
153,Tilichiki,RU,2020-11-13 08:14:07,60.47,166.1,8.11,92,2,6.24
154,Gat,IL,2020-11-13 08:14:07,31.61,34.76,75.99,60,0,1.12
155,Longyearbyen,SJ,2020-11-13 08:14:07,78.22,15.64,35.6,64,75,26.4
156,Surgut,RU,2020-11-13 08:14:07,61.25,73.42,17.6,92,40,6.71
157,Souillac,MU,2020-11-13 08:14:07,-20.52,57.52,84.2,66,20,17.22
158,Faya,SA,2020-11-13 08:14:08,18.39,42.45,71.6,93,0,2.91
159,Thompson,CA,2020-11-13 08:14:08,55.74,-97.86,-11.2,76,5,3.36
160,Juba,SS,2020-11-13 08:14:08,4.85,31.58,89.26,46,16,6.8
161,Port Macquarie,AU,2020-11-13 08:14:08,-31.43,152.92,72.0,56,75,17.22
162,Chhabra,IN,2020-11-13 08:14:08,24.67,76.83,87.31,33,6,1.7
163,Vila Franca Do Campo,PT,2020-11-13 08:14:08,37.72,-25.43,57.2,82,40,4.7
164,Dickson,US,2020-11-13 08:14:08,36.08,-87.39,48.99,76,90,4.34
165,Villazon,BO,2020-11-13 08:14:09,-22.09,-65.59,48.09,62,0,0.76
166,Coos Bay,US,2020-11-13 08:09:37,43.37,-124.22,51.8,81,90,14.99
167,Rio Tercero,AR,2020-11-13 08:14:09,-32.17,-64.11,66.34,54,66,6.06
168,Eskil,TR,2020-11-13 08:14:09,38.4,33.41,50.85,48,0,3.02
169,Isangel,VU,2020-11-13 08:14:09,-19.55,169.27,76.62,80,100,6.69
170,Saryg-Sep,RU,2020-11-13 08:14:09,51.5,95.6,32.52,88,100,6.64
171,Dikson,RU,2020-11-13 08:14:09,73.51,80.55,-0.58,93,59,3.22
172,Daru,PG,2020-11-13 08:14:09,-9.08,143.21,80.1,74,0,9.37
173,Bengkulu,ID,2020-11-13 08:14:10,-3.8,102.27,85.87,68,93,5.91
174,Winnemucca,US,2020-11-13 08:14:10,40.97,-117.74,26.6,73,1,5.82
175,Armizonskoye,RU,2020-11-13 08:14:10,55.95,67.67,25.23,97,100,8.86
176,San Patricio,US,2020-11-13 08:14:10,28.02,-97.52,73.99,93,20,5.82
177,Ushtobe,KZ,2020-11-13 08:14:10,45.25,77.98,40.71,58,60,3.42
178,Saint-Philippe,RE,2020-11-13 08:14:10,-21.36,55.77,82.4,65,0,10.29
179,Nalut,LY,2020-11-13 08:14:11,30.33,10.85,63.39,50,29,9.33
180,Chokurdakh,RU,2020-11-13 08:14:11,70.63,147.92,-13.92,90,44,3.36
181,Banjarmasin,ID,2020-11-13 08:14:11,-3.32,114.59,93.2,56,40,5.82
182,Esperance,AU,2020-11-13 08:14:11,-33.87,121.9,64.4,82,75,13.87
183,Talavera,PH,2020-11-13 08:14:11,15.62,120.93,89.6,66,75,6.93
184,Dakar,SN,2020-11-13 08:09:25,14.69,-17.44,75.2,57,0,11.39
185,Barcelos,PT,2020-11-13 08:14:11,41.54,-8.62,55.4,82,0,10.29
186,San Pedro,PH,2020-11-13 08:14:12,14.35,121.02,90.0,66,99,9.17
187,Colares,PT,2020-11-13 08:14:12,38.8,-9.45,60.01,82,75,4.7
188,Bethel,US,2020-11-13 08:14:12,41.37,-73.41,43.0,93,90,5.82
189,Altamira,BR,2020-11-13 08:14:12,-3.2,-52.21,73.72,85,98,3.27
190,Johor Bahru,MY,2020-11-13 08:14:12,1.47,103.76,91.4,55,40,10.29
191,Huicheng,CN,2020-11-13 08:14:12,23.04,116.29,78.8,47,0,6.71
192,Talnakh,RU,2020-11-13 08:14:13,69.49,88.4,-13.0,75,0,11.18
193,Margate,GB,2020-11-13 08:14:13,51.38,1.39,54.0,88,100,4.0
194,Narasannapeta,IN,2020-11-13 08:14:13,18.42,84.05,86.02,52,0,11.56
195,Berlevag,NO,2020-11-13 08:14:13,70.86,29.09,37.4,74,0,12.75
196,Kedrovyy,RU,2020-11-13 08:12:06,56.17,91.82,28.4,74,40,13.42
197,Le Moule,GP,2020-11-13 08:14:13,16.33,-61.35,73.4,94,75,1.12
198,Gao,ML,2020-11-13 08:14:13,16.64,1.64,76.84,18,0,19.95
199,Mazatlan,MX,2020-11-13 08:10:22,23.22,-106.42,72.0,72,5,6.44
200,Ponta Delgada,PT,2020-11-13 08:14:14,37.73,-25.67,57.2,82,40,4.7
201,Tura,IN,2020-11-13 08:14:14,25.52,90.22,82.08,51,0,2.53
202,Klimovo,RU,2020-11-13 08:14:14,52.38,32.19,32.65,90,91,7.0
203,Qaanaaq,GL,2020-11-13 08:14:14,77.48,-69.36,6.84,82,64,9.8
204,Anloga,GH,2020-11-13 08:14:14,5.79,0.9,77.0,94,20,3.36
205,Bolshaya Glushitsa,RU,2020-11-13 08:14:15,50.24,43.59,33.01,88,3,5.99
206,Avarua,CK,2020-11-13 08:09:58,-21.21,-159.78,73.4,88,100,2.24
207,Kavaratti,IN,2020-11-13 08:14:15,10.57,72.64,87.8,66,40,4.7
208,Iqaluit,CA,2020-11-13 08:14:15,63.75,-68.51,15.8,72,75,12.75
209,Evensk,RU,2020-11-13 08:14:15,61.95,159.23,3.2,84,82,9.31
210,Sulangan,PH,2020-11-13 08:14:15,11.14,123.72,83.8,75,100,6.08
211,Namatanai,PG,2020-11-13 08:14:15,-3.67,152.43,81.54,77,49,2.86
212,Siocon,PH,2020-11-13 08:14:15,7.71,122.14,84.06,78,96,5.64
213,Bubaque,GW,2020-11-13 08:14:16,11.28,-15.83,83.37,67,0,8.57
214,Aleksandrov Gay,RU,2020-11-13 08:14:16,50.15,48.57,34.32,83,83,12.33
215,Miri,MY,2020-11-13 08:14:16,4.41,114.01,87.8,70,40,8.05
216,Kosh-Agach,RU,2020-11-13 08:14:16,50.0,88.67,28.76,89,38,7.67
217,Klaksvik,FO,2020-11-13 08:14:16,62.23,-6.59,48.2,87,84,23.04
218,Flinders,AU,2020-11-13 08:14:16,-34.58,150.86,70.0,77,88,3.0
219,Abha,SA,2020-11-13 08:14:16,18.22,42.51,71.6,93,0,4.99
220,Caravelas,BR,2020-11-13 08:14:17,-17.71,-39.25,74.28,84,87,9.13
221,Bida,NG,2020-11-13 08:14:17,9.08,6.02,82.13,28,2,6.53
222,Hit,IQ,2020-11-13 08:14:17,33.64,42.83,74.25,24,0,12.33
223,Asfi,MA,2020-11-13 08:11:05,32.3,-9.24,66.54,80,99,4.97
224,Sistranda,NO,2020-11-13 08:14:17,63.73,8.83,44.6,70,0,21.92
225,Bindura,ZW,2020-11-13 08:14:17,-17.3,31.33,72.0,66,99,7.0
226,Uvalde,US,2020-11-13 08:14:18,29.37,-99.77,66.0,82,90,3.36
227,Barmer,IN,2020-11-13 08:14:18,25.75,71.38,84.79,17,0,8.46
228,Arriaga,MX,2020-11-13 08:14:18,16.23,-93.9,75.78,75,58,5.1
229,Syracuse,IT,2020-11-13 08:14:18,37.09,15.28,61.0,82,0,11.41
230,Hovd,MN,2020-11-13 08:14:18,48.01,91.64,41.61,55,100,1.63
231,Lagoa Vermelha,BR,2020-11-13 08:14:18,-28.21,-51.53,55.63,95,0,2.01
232,Ornskoldsvik,SE,2020-11-13 08:14:18,63.29,18.72,39.2,93,99,3.36
233,Hambantota,LK,2020-11-13 08:14:18,6.12,81.12,89.6,75,75,3.36
234,Nairn,GB,2020-11-13 08:14:18,57.58,-3.88,46.4,81,20,10.29
235,Andra,RU,2020-11-13 08:14:19,62.51,65.89,13.55,92,3,7.27
236,Parys,FR,2020-11-13 08:10:39,48.85,2.35,54.0,93,90,6.93
237,Meulaboh,ID,2020-11-13 08:14:19,4.14,96.13,83.37,79,96,7.2
238,Narsaq,GL,2020-11-13 08:14:19,60.92,-46.05,17.6,67,100,4.45
239,Candido De Abreu,BR,2020-11-13 08:14:19,-24.57,-51.33,62.71,93,100,1.54
240,Boende,CD,2020-11-13 08:14:19,-0.22,20.87,76.48,94,100,1.16
241,Adre,TD,2020-11-13 08:14:20,13.47,22.2,77.9,19,49,20.15
242,Port-Gentil,GA,2020-11-13 08:14:07,-0.72,8.78,80.6,78,75,8.05
243,Beloha,MG,2020-11-13 08:14:20,-25.17,45.05,80.38,41,39,12.01
244,Presidente Bernardes,BR,2020-11-13 08:14:20,-22.01,-51.55,71.6,73,0,1.9
245,Wajir,KE,2020-11-13 08:14:20,1.75,40.06,80.6,78,75,5.82
246,Oak Ridge,US,2020-11-13 08:14:20,36.01,-84.27,50.0,93,20,1.5
247,Abalak,RU,2020-11-13 08:14:20,58.13,68.59,24.28,97,90,3.4
248,Gladstone,AU,2020-11-13 08:14:20,-23.85,151.25,77.0,61,40,12.75
249,Gotsu,JP,2020-11-13 08:09:22,35.0,132.22,62.6,67,20,4.7
250,Ust-Kuyga,RU,2020-11-13 08:14:21,70.02,135.6,-7.38,88,71,5.61
251,Nara,JP,2020-11-13 08:14:21,34.69,135.8,62.01,77,75,2.24
252,Abilene,US,2020-11-13 08:13:55,32.45,-99.73,55.4,54,75,10.29
253,Kaitangata,NZ,2020-11-13 08:14:21,-46.28,169.85,57.99,85,0,4.79
254,Portland,US,2020-11-13 08:14:04,45.52,-122.68,46.4,93,90,11.41
255,Qaqortoq,GL,2020-11-13 08:14:21,60.72,-46.03,17.6,67,100,3.74
256,Hamilton,US,2020-11-13 08:12:24,39.18,-84.53,41.0,65,1,2.91
257,Ust-Ilimsk,RU,2020-11-13 08:14:21,58.0,102.66,31.89,95,99,16.17
258,Guerrero Negro,MX,2020-11-13 08:14:22,27.98,-114.06,62.1,77,0,9.55
259,Guarapari,BR,2020-11-13 08:14:22,-20.67,-40.5,77.0,69,75,9.17
260,Sakaraha,MG,2020-11-13 08:14:22,-22.9,44.53,83.07,32,0,8.9
261,Tari,NG,2020-11-13 08:14:22,12.41,4.49,81.73,22,0,14.9
262,Magadi,IN,2020-11-13 08:14:22,12.97,77.23,84.0,63,69,11.72
263,Koratla,IN,2020-11-13 08:14:22,18.82,78.72,86.13,53,46,5.97
264,Moerai,PF,2020-11-13 08:14:22,-22.43,-151.33,76.8,85,53,9.4
265,Xichang,CN,2020-11-13 08:14:22,27.9,102.26,73.99,44,11,4.5
266,Puerto Madryn,AR,2020-11-13 08:10:18,-42.77,-65.04,64.89,45,94,15.93
267,Tars,TR,2020-11-13 08:14:23,36.92,34.88,68.0,34,0,8.05
268,Ipixuna,BR,2020-11-13 08:14:23,-1.76,-48.8,75.2,94,0,2.24
269,Broken Hill,AU,2020-11-13 08:14:23,-31.95,141.43,78.8,22,0,14.99
270,Mabaruma,GY,2020-11-13 08:14:23,8.2,-59.78,72.21,99,29,1.34
271,Atasu,KZ,2020-11-13 08:14:23,48.68,71.64,27.14,88,100,16.08
272,Lompoc,US,2020-11-13 08:14:24,34.64,-120.46,51.8,87,90,4.7
273,Praya,CV,2020-11-13 08:14:24,14.92,-23.51,75.2,69,0,6.93
274,Mount Isa,AU,2020-11-13 08:14:24,-20.73,139.5,100.4,22,36,9.17
275,Asau,RO,2020-11-13 08:14:24,46.43,26.4,42.01,100,75,1.12
276,Urdoma,RU,2020-11-13 08:14:24,61.75,48.54,25.83,96,100,2.53
277,Guanica,PR,2020-11-13 08:14:24,17.97,-66.91,73.0,92,98,9.24
278,Kununurra,AU,2020-11-13 08:10:53,-15.77,128.73,105.8,28,0,9.17
279,Deputatskiy,RU,2020-11-13 08:14:24,69.3,139.9,-17.66,90,47,2.1
280,Iracoubo,GF,2020-11-13 08:14:25,5.48,-53.2,78.96,86,25,8.25
281,Fallon,US,2020-11-13 08:14:25,39.47,-118.78,33.01,79,40,5.82
282,Te Anau,NZ,2020-11-13 08:14:25,-45.42,167.72,51.94,72,11,6.78
283,Upernavik,GL,2020-11-13 08:14:25,72.79,-56.15,14.7,93,100,23.22
284,Lasa,IT,2020-11-13 08:14:25,46.62,10.7,30.2,86,5,1.32
285,Omsukchan,RU,2020-11-13 08:14:25,62.53,155.8,-10.73,86,100,3.36
286,Codrington,AU,2020-11-13 08:14:25,-38.27,141.97,57.22,82,100,9.82
287,Manggar,ID,2020-11-13 08:14:26,-2.88,108.27,85.17,68,72,4.72
288,Bilma,NE,2020-11-13 08:14:26,18.69,12.92,77.9,24,0,12.68
289,Matagami,CA,2020-11-13 08:14:26,49.75,-77.63,32.0,97,90,5.1
290,Lovozero,RU,2020-11-13 08:14:26,68.0,35.01,30.6,92,100,2.04
291,Belaya Gora,RU,2020-11-13 08:14:26,68.53,146.42,-19.44,88,47,0.51
292,West Wendover,US,2020-11-13 08:14:26,40.74,-114.07,21.2,67,1,5.82
293,Santa Rosa,PH,2020-11-13 08:14:26,14.31,121.11,90.0,66,96,9.17
294,Nargana,PA,2020-11-13 08:14:26,9.44,-78.59,78.6,81,93,6.53
295,Sterling,US,2020-11-13 08:14:27,39.01,-77.43,48.2,70,90,3.36
296,Covington,US,2020-11-13 08:14:27,39.08,-84.51,41.0,75,75,3.36
297,Zhuhai,CN,2020-11-13 08:14:27,22.28,113.57,82.0,57,20,12.75
298,Eseka,CM,2020-11-13 08:14:27,3.65,10.77,81.82,79,2,1.77
299,Sao Joao Da Barra,BR,2020-11-13 08:14:27,-21.64,-41.05,72.03,95,100,15.43
300,Nikolsk,RU,2020-11-13 08:14:27,53.72,46.07,31.3,91,37,8.97
301,Okhotsk,RU,2020-11-13 08:14:27,59.38,143.3,14.85,87,100,6.82
302,Kilemary,RU,2020-11-13 08:14:28,56.78,46.87,30.9,97,95,6.51
303,Port Keats,AU,2020-11-13 08:14:28,-14.25,129.55,88.56,65,0,12.97
304,Yerbogachen,RU,2020-11-13 08:14:28,61.28,108.01,16.12,97,100,3.24
305,Jumla,NP,2020-11-13 08:14:28,29.27,82.18,65.35,24,0,6.6
306,Leh,IN,2020-11-13 08:14:28,34.17,77.58,40.69,41,88,1.81
307,Samarai,PG,2020-11-13 08:14:28,-10.62,150.67,79.48,76,50,9.28
308,Mattru,SL,2020-11-13 08:14:28,7.62,-11.83,75.54,92,2,2.13
309,Rio Grande,BR,2020-11-13 08:11:26,-32.03,-52.1,64.99,96,100,4.83
310,Gander,CA,2020-11-13 08:14:29,48.97,-54.59,35.6,93,75,4.7
311,Cap Malheureux,MU,2020-11-13 08:14:29,-19.98,57.61,81.0,65,3,8.99
312,Zaoyang,CN,2020-11-13 08:14:29,32.13,112.75,70.45,39,0,8.3
313,Utiel,ES,2020-11-13 08:14:29,39.57,-1.2,50.0,87,100,1.01
314,Batagay-Alyta,RU,2020-11-13 08:14:29,67.8,130.41,-10.25,88,71,1.57
315,Ixtapa,MX,2020-11-13 08:14:29,20.7,-105.2,75.99,88,96,2.37
316,Najran,SA,2020-11-13 08:10:24,17.49,44.13,78.8,31,0,8.05
317,Irgakly,RU,2020-11-13 08:14:29,44.36,44.76,39.52,66,100,5.39
318,Shenjiamen,CN,2020-11-13 08:10:25,29.96,122.3,63.72,74,13,17.54
319,Waingapu,ID,2020-11-13 08:14:30,-9.66,120.26,90.75,46,80,9.28
320,Saint-Pierre,RE,2020-11-13 08:14:30,-21.34,55.48,82.4,65,0,10.29
321,Savannah Bight,HN,2020-11-13 08:14:30,16.45,-85.85,81.27,74,12,6.6
322,Mojo,ET,2020-11-13 08:14:30,8.6,39.12,74.19,30,1,17.74
323,Susanino,RU,2020-11-13 08:14:30,58.15,41.59,32.16,98,100,6.87
324,Lavrentiya,RU,2020-11-13 08:14:31,65.58,-171.0,26.4,88,93,34.23
325,Linhares,BR,2020-11-13 08:14:31,-19.39,-40.07,71.04,87,100,3.56
326,Evans,US,2020-11-13 08:14:31,33.53,-82.13,68.0,88,90,4.65
327,Dali,CN,2020-11-13 08:14:31,25.7,100.18,66.22,47,29,1.68
328,Husavik,IS,2020-11-13 08:14:31,66.04,-17.34,32.0,86,90,4.7
329,Bar Harbor,US,2020-11-13 08:14:31,44.39,-68.2,39.99,74,1,4.7
330,Sjenica,RS,2020-11-13 08:14:31,43.27,20.0,45.45,73,86,2.89
331,Dwarahat,IN,2020-11-13 08:14:31,29.78,79.43,71.42,25,0,4.61
332,Saint Anthony,US,2020-11-13 08:14:32,45.02,-93.22,21.2,73,1,5.82
333,Kavieng,PG,2020-11-13 08:14:32,-2.57,150.8,84.27,68,19,3.71
334,Manaure,CO,2020-11-13 08:14:32,11.78,-72.44,78.22,84,99,5.12
335,Port Hardy,CA,2020-11-13 08:10:00,50.7,-127.42,44.6,93,90,19.46
336,Vila,PT,2020-11-13 08:14:32,42.03,-8.16,57.0,93,0,11.41
337,Mahebourg,MU,2020-11-13 08:14:32,-20.41,57.7,84.2,66,20,17.22
338,Bhanvad,IN,2020-11-13 08:14:32,21.93,69.77,87.8,31,0,10.29
339,Panjab,AF,2020-11-13 08:14:33,34.39,67.02,41.79,66,100,5.91
340,Sao Gabriel Da Cachoeira,BR,2020-11-13 08:14:33,-0.13,-67.09,74.01,97,100,1.14
341,Gorontalo,ID,2020-11-13 08:11:04,0.54,123.06,84.63,74,72,0.51
342,Srednekolymsk,RU,2020-11-13 08:14:33,67.45,153.68,-12.28,89,99,1.41
343,Muroto,JP,2020-11-13 08:14:33,33.28,134.15,60.8,93,75,4.7
344,Kirkwall,GB,2020-11-13 08:14:33,58.98,-2.96,48.2,81,75,16.11
345,Herat,AF,2020-11-13 08:14:33,34.5,62.0,48.2,81,90,3.36
346,Lubbock,US,2020-11-13 08:12:00,33.6,-101.83,44.6,65,1,12.75
347,Minab,IR,2020-11-13 08:14:33,27.15,57.08,84.2,66,75,11.41
348,Baiyin,CN,2020-11-13 08:14:34,36.56,104.21,57.2,40,0,6.71
349,Muros,ES,2020-11-13 08:14:34,42.78,-9.06,48.0,96,0,5.88
350,Bongandanga,CD,2020-11-13 08:14:34,1.5,21.05,88.3,55,37,1.48
351,Lahan,NP,2020-11-13 08:14:34,26.73,86.5,84.27,29,0,7.25
352,Ancud,CL,2020-11-13 08:14:34,-41.87,-73.82,53.01,100,90,9.17
353,Saint-Augustin,CA,2020-11-13 08:14:34,51.23,-58.65,32.25,89,0,9.69
354,Puerto Escondido,MX,2020-11-13 08:14:34,15.85,-97.07,78.44,78,22,4.59
355,Bhagwantnagar,IN,2020-11-13 08:14:34,26.23,80.75,82.4,42,25,4.7
356,Sikasso,ML,2020-11-13 08:14:35,10.92,-7.0,73.96,29,0,5.84
357,Nome,US,2020-11-13 08:14:35,64.5,-165.41,32.0,97,90,3.36
358,Aksarka,RU,2020-11-13 08:14:35,66.56,67.8,-2.06,93,84,3.91
359,Villeneuve-Les-Avignon,FR,2020-11-13 08:14:35,43.97,4.8,51.8,93,75,3.36
360,Bagan,RU,2020-11-13 08:14:09,54.1,77.66,29.7,87,97,14.0
361,Staryy Nadym,RU,2020-11-13 08:14:35,65.61,72.68,0.59,93,86,5.84
362,Esmeraldas,BR,2020-11-13 08:14:35,-19.76,-44.31,68.0,100,75,4.7
363,Manali,IN,2020-11-13 08:14:36,13.17,80.27,86.0,84,75,13.87
364,Kruisfontein,ZA,2020-11-13 08:14:36,-34.0,24.73,91.99,34,0,1.01
365,Santa Cruz,BO,2020-11-13 08:14:36,-17.8,-63.17,71.6,88,40,2.24
366,Lucea,JM,2020-11-13 08:14:36,18.45,-78.17,80.6,88,20,3.36
367,Pisco,PE,2020-11-13 08:14:36,-13.7,-76.22,62.6,93,75,3.36
368,Alekseyevsk,RU,2020-11-13 08:14:36,57.84,108.35,31.28,97,100,4.76
369,Bambous Virieux,MU,2020-11-13 08:14:36,-20.34,57.76,84.2,66,20,17.22
370,Churapcha,RU,2020-11-13 08:14:36,62.0,132.43,13.93,96,100,7.18
371,Maxixe,MZ,2020-11-13 08:14:37,-23.86,35.35,80.6,47,40,8.05
372,Abinsk,RU,2020-11-13 08:14:37,44.87,38.16,50.0,66,26,1.99
373,Kenai,US,2020-11-13 08:09:51,60.55,-151.26,33.8,86,90,1.86
374,Amga,RU,2020-11-13 08:14:37,60.9,131.96,19.26,97,100,4.07
375,Bonavista,CA,2020-11-13 08:14:37,48.65,-53.11,39.0,80,100,1.12
376,Mpanda,TZ,2020-11-13 08:14:37,-6.37,31.04,81.12,57,61,4.32
377,Karratha,AU,2020-11-13 08:12:00,-20.74,116.85,92.12,24,0,23.38
378,Gazli,UZ,2020-11-13 08:14:37,40.13,63.45,44.49,49,0,4.54
379,Poum,NC,2020-11-13 08:14:37,-20.23,164.02,77.7,79,5,12.66
380,Taoudenni,ML,2020-11-13 08:14:38,22.68,-3.98,74.52,21,0,16.53
381,Eenhana,NA,2020-11-13 08:14:38,-17.47,16.33,75.2,69,40,8.05
382,Iskilip,TR,2020-11-13 08:14:38,40.74,34.47,48.97,49,0,3.62
383,Itarema,BR,2020-11-13 08:14:38,-2.92,-39.92,77.54,78,82,13.94
384,Ranot,TH,2020-11-13 08:14:38,7.78,100.32,82.71,77,100,9.64
385,Gigmoto,PH,2020-11-13 08:14:38,13.78,124.39,83.75,75,72,6.31
386,Morondava,MG,2020-11-13 08:14:39,-20.28,44.28,83.3,60,0,13.29
387,Corowa,AU,2020-11-13 08:14:39,-36.03,146.38,66.99,47,98,5.99
388,Coahuayana,MX,2020-11-13 08:14:39,18.73,-103.68,73.8,86,99,2.53
389,Starokozache,UA,2020-11-13 08:14:39,46.34,29.99,48.2,66,0,13.42
390,Porto Novo,BJ,2020-11-13 08:14:39,6.5,2.6,80.6,88,20,4.7
391,Slavutych,UA,2020-11-13 08:10:47,51.52,30.73,34.93,86,100,6.69
392,Kuala Lumpur,MY,2020-11-13 08:10:51,3.14,101.69,87.8,62,40,12.75
393,Kiri Buru,IN,2020-11-13 08:14:39,22.08,85.35,83.62,38,18,7.63
394,Grand Gaube,MU,2020-11-13 08:14:39,-20.01,57.66,81.0,65,2,8.99
395,Shawinigan,CA,2020-11-13 08:13:05,46.57,-72.75,30.2,92,37,2.24
396,Gloucester,GB,2020-11-13 08:14:40,51.87,-2.24,48.0,81,50,18.01
397,Baymak,RU,2020-11-13 08:14:40,52.59,58.32,25.77,91,100,14.03
398,Vardo,NO,2020-11-13 08:14:40,70.37,31.11,35.6,80,0,27.51
399,Tahta,EG,2020-11-13 08:14:40,26.77,31.5,68.0,49,0,10.29
400,Chaumont,FR,2020-11-13 08:14:40,48.12,5.13,51.8,81,0,2.24
401,Manicore,BR,2020-11-13 08:13:03,-5.81,-61.3,75.42,94,96,2.04
402,Canico,PT,2020-11-13 08:14:41,32.63,-16.85,68.0,82,40,12.75
403,San Quintin,MX,2020-11-13 08:14:41,30.48,-115.95,58.39,75,0,6.42
404,Beringovskiy,RU,2020-11-13 08:14:41,63.05,179.32,28.11,94,100,23.96
405,Filingue,NE,2020-11-13 08:14:41,14.35,3.32,80.94,19,12,17.16
406,Svetlogorsk,BY,2020-11-13 08:14:41,52.63,29.73,35.98,84,98,7.92
407,Opuwo,NA,2020-11-13 08:14:41,-18.06,13.84,75.38,54,100,1.54
408,Fort Nelson,CA,2020-11-13 08:14:41,58.81,-122.7,3.2,77,75,1.05
409,Tabuk,PH,2020-11-13 08:14:42,17.42,121.44,82.4,80,93,2.57
410,Setermoen,NO,2020-11-13 08:14:42,68.86,18.35,33.8,80,75,19.46
411,Douglas,US,2020-11-13 08:14:42,41.3,-96.17,23.0,85,1,5.1
412,Sikonge,TZ,2020-11-13 08:14:42,-5.63,32.77,77.0,65,75,9.17
413,Namakkal,IN,2020-11-13 08:13:48,11.22,78.17,80.6,83,75,4.7
414,Tautira,PF,2020-11-13 08:11:10,-17.73,-149.15,77.0,78,40,5.82
415,Mahibadhoo,MV,2020-11-13 08:14:42,3.78,72.97,83.07,71,100,4.7
416,Coquimbo,CL,2020-11-13 08:14:42,-29.95,-71.34,53.6,93,100,2.24
417,Saint-Georges,GD,2020-11-13 08:14:42,12.06,-61.75,80.6,83,20,11.41
418,Padang,ID,2020-11-13 08:13:45,-0.95,100.35,84.81,71,100,3.8
419,Merauke,ID,2020-11-13 08:14:43,-8.47,140.33,85.05,67,0,15.68
420,Puerto Penasco,MX,2020-11-13 08:14:43,31.32,-113.53,63.21,37,0,5.39
421,Axim,GH,2020-11-13 08:14:43,4.87,-2.24,80.74,80,62,2.1
422,Kelo,TD,2020-11-13 08:14:43,9.31,15.81,87.67,27,1,5.61
423,Yankton,US,2020-11-13 08:14:43,42.87,-97.4,19.0,85,1,4.7
424,Camden,US,2020-11-13 08:13:03,39.78,-74.97,48.0,95,100,4.99
425,Nanortalik,GL,2020-11-13 08:14:44,60.14,-45.24,29.35,85,100,7.29
426,Gurgaon,IN,2020-11-13 08:14:44,28.47,77.03,80.6,36,0,3.36
427,Sydney Mines,CA,2020-11-13 08:14:44,46.24,-60.22,42.01,86,90,8.05
428,Timizart,DZ,2020-11-13 08:14:44,36.8,4.27,63.77,50,94,7.96
429,Thinadhoo,MV,2020-11-13 08:14:44,0.53,72.93,80.89,83,100,15.93
430,Thunder Bay,CA,2020-11-13 08:13:03,48.4,-89.32,27.0,79,90,9.17
431,Buala,SB,2020-11-13 08:14:44,-8.14,159.59,81.86,76,100,3.78
432,Faanui,PF,2020-11-13 08:14:44,-16.48,-151.75,79.34,78,55,10.04
433,Priargunsk,RU,2020-11-13 08:14:45,50.37,119.1,19.87,94,1,3.18
434,Suez,EG,2020-11-13 08:14:45,29.97,32.53,73.87,52,0,11.14
435,Boa Vista,BR,2020-11-13 08:14:45,2.82,-60.67,77.0,78,40,5.82
436,Songjianghe,CN,2020-11-13 08:14:45,42.19,127.48,33.42,84,0,1.23
437,Bilibino,RU,2020-11-13 08:14:45,68.05,166.44,-5.58,86,33,4.97
438,Beroroha,MG,2020-11-13 08:14:45,-21.67,45.17,94.6,28,0,3.89
439,Odweyne,SO,2020-11-13 08:14:45,9.41,45.06,82.08,21,0,6.02
440,Kuytun,RU,2020-11-13 08:14:46,54.34,101.5,33.69,86,100,9.73
441,Mulchen,CL,2020-11-13 08:14:46,-37.72,-72.23,53.19,74,100,4.36
442,Terrace Bay,CA,2020-11-13 08:14:46,48.78,-87.1,32.0,93,56,2.24
443,Agrado,CO,2020-11-13 08:14:46,2.26,-75.77,67.87,81,100,0.63
444,Arlit,NE,2020-11-13 08:14:46,18.74,7.39,75.11,22,0,10.16
445,Manokwari,ID,2020-11-13 08:14:46,-0.87,134.08,83.61,74,100,4.23
446,Turukhansk,RU,2020-11-13 08:14:46,65.82,87.98,8.1,95,100,4.99
447,Coruripe,BR,2020-11-13 08:14:46,-10.13,-36.18,75.0,86,3,8.3
448,Juneau,US,2020-11-13 08:14:06,58.3,-134.42,36.0,93,90,10.29
449,Salalah,OM,2020-11-13 08:14:47,17.02,54.09,84.2,58,20,6.93
450,Gilgit,PK,2020-11-13 08:14:47,35.92,74.31,62.67,24,100,7.14
451,Baza,ES,2020-11-13 08:14:47,37.49,-2.77,52.0,87,92,1.5
452,Kyra,RU,2020-11-13 08:14:47,49.58,111.98,32.74,77,0,2.64
453,Atar,MR,2020-11-13 08:14:47,20.52,-13.05,80.19,17,100,4.36
454,Sabha,LY,2020-11-13 08:14:47,27.04,14.43,66.65,45,37,6.8
455,La Ronge,CA,2020-11-13 08:14:47,55.1,-105.28,6.8,77,100,6.93
456,Robertson,US,2020-11-13 08:14:47,36.52,-86.87,43.0,93,90,5.37
457,Monastyrshchina,RU,2020-11-13 08:14:48,54.35,31.84,32.4,93,100,6.6
458,Ipora,BR,2020-11-13 08:14:48,-16.44,-51.12,70.12,81,76,1.7
459,Dongsheng,CN,2020-11-13 08:14:48,39.82,109.98,51.67,52,48,16.22
460,Tlaltenango,MX,2020-11-13 08:14:48,19.17,-98.33,56.32,70,79,2.37
461,Zalantun,CN,2020-11-13 08:14:48,48.0,122.72,36.32,70,0,6.2
462,Palimbang,PH,2020-11-13 08:14:48,6.21,124.19,82.99,73,61,3.31
463,Namibe,AO,2020-11-13 08:14:48,-15.2,12.15,71.6,78,20,11.41
464,Barahona,DO,2020-11-13 08:14:48,18.21,-71.1,76.93,80,97,4.61
465,Vestmanna,FO,2020-11-13 08:14:49,62.16,-7.17,48.2,87,91,23.04
466,Chifeng,CN,2020-11-13 08:14:49,42.27,118.96,48.29,42,0,6.29
467,Walvis Bay,NA,2020-11-13 08:11:19,-22.96,14.51,66.0,72,40,5.82
468,Lazaro Cardenas,MX,2020-11-13 08:14:49,17.96,-102.2,75.51,87,88,4.68
469,Havoysund,NO,2020-11-13 08:14:49,71.0,24.66,44.6,65,75,18.34
470,Korla,CN,2020-11-13 08:14:49,41.76,86.15,53.74,34,97,4.88
471,Menongue,AO,2020-11-13 08:14:49,-14.66,17.69,67.12,83,100,3.04
472,Bereda,ES,2020-11-13 08:14:50,43.27,-7.54,48.0,91,15,5.01
473,Muravlenko,RU,2020-11-13 08:14:50,63.79,74.52,-0.24,93,83,7.11
474,Nelson Bay,AU,2020-11-13 08:14:50,-32.72,152.15,66.0,88,87,10.29
475,Shaunavon,CA,2020-11-13 08:14:50,49.65,-108.42,12.2,85,40,14.99
476,Aksu,CN,2020-11-13 08:14:50,41.12,80.26,53.69,31,100,1.25
477,Olafsvik,IS,2020-11-13 08:14:50,64.89,-23.71,39.56,87,100,18.03
478,Pokhara,NP,2020-11-13 08:14:50,28.23,83.98,78.67,30,0,5.93
479,Hobyo,SO,2020-11-13 08:14:50,5.35,48.53,82.85,65,41,15.93
480,Palmer,US,2020-11-13 08:14:51,42.16,-72.33,44.01,75,90,4.7
481,Khash,IR,2020-11-13 08:14:51,28.22,61.22,75.9,24,0,15.46
482,Poso,ID,2020-11-13 08:14:51,-1.4,120.75,85.05,69,23,5.57
483,Flin Flon,CA,2020-11-13 08:14:51,54.77,-101.86,3.99,92,100,9.13
484,Langham,CA,2020-11-13 08:14:51,52.37,-106.97,9.0,84,5,8.05
485,College,US,2020-11-13 08:14:51,64.86,-147.8,10.4,85,90,0.76
486,Gweta,BW,2020-11-13 08:14:52,-20.18,25.23,82.8,42,0,13.6
487,Port Hawkesbury,CA,2020-11-13 08:14:52,45.62,-61.35,43.0,87,90,3.36
488,Basco,PH,2020-11-13 08:14:52,20.45,121.97,78.03,89,99,25.61
489,Smithers,CA,2020-11-13 08:14:26,54.78,-127.17,30.2,100,90,1.48
490,Richards Bay,ZA,2020-11-13 08:14:52,-28.78,32.04,76.12,59,39,11.43
491,Waipawa,NZ,2020-11-13 08:14:52,-41.41,175.52,57.2,82,0,24.16
492,Hirara,JP,2020-11-13 08:14:52,24.8,125.28,69.8,94,75,20.8
493,Kuruman,ZA,2020-11-13 08:14:52,-27.45,23.43,78.01,51,0,18.01
494,Tiznit,MA,2020-11-13 08:14:53,29.58,-9.5,66.24,54,96,4.23
495,Nogliki,RU,2020-11-13 08:14:53,51.83,143.17,36.03,94,100,6.04
496,Trelew,AR,2020-11-13 08:13:13,-43.25,-65.31,65.19,34,100,19.39
497,Manzhouli,CN,2020-11-13 08:14:53,49.6,117.43,26.42,90,77,3.24
498,Ewa Beach,US,2020-11-13 08:14:53,21.32,-158.01,78.8,69,1,8.05
499,Monchegorsk,RU,2020-11-13 08:14:53,67.94,32.87,33.01,91,100,6.49
500,Mandalgovi,MN,2020-11-13 08:14:53,45.76,106.27,38.53,58,100,8.66
501,Plouzane,FR,2020-11-13 08:14:54,48.38,-4.62,51.8,100,75,6.93
502,Harper,LR,2020-11-13 08:14:54,4.38,-7.72,80.31,83,6,5.53
503,Ayan,RU,2020-11-13 08:14:54,56.45,138.17,26.13,97,100,12.68
504,Hailar,CN,2020-11-13 08:14:54,49.2,119.7,27.09,91,59,6.73
505,Alyangula,AU,2020-11-13 08:14:54,-13.85,136.42,93.2,49,0,11.41
506,Acapulco,MX,2020-11-13 08:14:54,16.86,-99.89,77.58,79,96,3.87
507,Hualmay,PE,2020-11-13 08:14:54,-11.1,-77.61,61.03,88,100,8.5
508,Humaita,BR,2020-11-13 08:14:54,-7.51,-63.02,74.95,96,100,1.5
509,Aktash,RU,2020-11-13 08:14:55,50.3,87.73,18.37,96,100,5.59
510,Kastamonu,TR,2020-11-13 08:14:55,41.5,33.67,33.8,100,90,1.12
511,Taltal,CL,2020-11-13 08:10:20,-25.4,-70.48,57.79,73,88,0.6
512,Redmond,US,2020-11-13 08:10:57,47.67,-122.12,45.0,95,100,9.15
513,Riyadh,SA,2020-11-13 08:14:11,24.69,46.72,73.4,60,0,6.93
514,Aykhal,RU,2020-11-13 08:14:55,66.0,111.5,6.8,92,0,4.47
515,Dunedin,NZ,2020-11-13 08:14:55,-45.87,170.5,57.99,85,0,1.43
516,Rovaniemi,FI,2020-11-13 08:14:56,66.5,25.72,37.4,100,90,12.75
517,Ferme-Neuve,CA,2020-11-13 08:14:56,46.7,-75.45,24.8,92,100,1.12
518,Los Reyes,MX,2020-11-13 08:14:18,19.35,-98.97,59.0,59,5,6.93
519,Luang Prabang,LA,2020-11-13 08:14:56,19.89,102.13,87.8,38,0,6.93
520,Petropavlovka,RU,2020-11-13 08:14:56,50.61,105.32,36.28,69,72,2.08
521,Hervey Bay,AU,2020-11-13 08:14:56,-25.3,152.85,77.0,65,94,4.0
522,Buraydah,SA,2020-11-13 08:14:56,26.33,43.98,68.0,100,75,12.75
523,Venado Tuerto,AR,2020-11-13 08:14:57,-33.75,-61.97,66.99,78,0,5.99
524,San Cristobal,VE,2020-11-13 08:14:57,7.77,-72.22,65.62,91,71,0.83
525,Ust-Nera,RU,2020-11-13 08:14:57,64.57,143.2,-18.08,79,71,3.27
526,Mandal,IN,2020-11-13 08:14:57,25.45,74.57,82.51,30,0,6.06
527,Garowe,SO,2020-11-13 08:14:57,8.41,48.48,81.7,47,8,10.65
528,Impfondo,CG,2020-11-13 08:14:57,1.64,18.07,88.18,52,75,2.86
529,Touros,BR,2020-11-13 08:12:52,-5.2,-35.46,73.4,94,20,3.36
530,Guskhara,IN,2020-11-13 08:14:57,23.5,87.75,87.8,58,0,5.82
531,Manzil Salim,TN,2020-11-13 08:14:58,35.86,8.48,46.4,45,0,4.7
532,Kenitra,MA,2020-11-13 08:14:58,34.26,-6.58,64.4,63,100,3.36
533,Kharagpur,IN,2020-11-13 08:14:58,22.33,87.33,88.14,34,13,10.42
534,Dingle,PH,2020-11-13 08:14:58,11.0,122.67,83.62,82,94,7.16
535,Petropavlovsk-Kamchatskiy,RU,2020-11-13 08:14:58,53.05,158.65,33.8,59,100,11.18
536,Saldanha,ZA,2020-11-13 08:14:58,-33.01,17.94,60.8,60,75,2.24
537,Erzin,TR,2020-11-13 08:11:30,36.96,36.2,64.99,46,0,8.99
538,Paamiut,GL,2020-11-13 08:14:59,61.99,-49.67,30.25,87,75,14.0
539,Dukat,RU,2020-11-13 08:14:59,62.55,155.55,-13.77,88,99,3.87
540,Sayyan,YE,2020-11-13 08:14:59,15.17,44.32,64.71,27,76,5.1
541,Marienburg,PL,2020-11-13 08:14:59,54.04,19.03,42.01,100,83,11.34
542,Jiuquan,CN,2020-11-13 08:14:59,39.74,98.52,52.18,36,0,6.49
543,Yulara,AU,2020-11-13 08:14:59,-25.24,130.99,100.4,5,0,14.99
544,Villa Florida,PY,2020-11-13 08:14:59,-26.38,-57.15,65.86,75,0,3.15
545,Mecca,SA,2020-11-13 08:13:45,21.43,39.83,88.52,32,0,4.12
546,Higashine,JP,2020-11-13 08:15:00,38.44,140.4,53.6,66,40,1.12
547,Tommot,RU,2020-11-13 08:15:00,58.96,126.29,19.29,94,10,4.92
548,Neenah,US,2020-11-13 08:10:52,44.19,-88.46,32.0,86,90,12.75
549,Myitkyina,MM,2020-11-13 08:15:00,25.38,97.4,87.66,38,0,1.25
550,Ballachulish,GB,2020-11-13 08:15:00,56.68,-5.13,46.0,89,100,8.99
551,Mitsamiouli,KM,2020-11-13 08:15:00,-11.38,43.28,80.55,71,68,4.07
552,Mogadishu,SO,2020-11-13 08:12:24,2.04,45.34,84.2,66,75,8.05
553,Amatenango Del Valle,MX,2020-11-13 08:15:01,16.52,-92.45,54.88,97,44,3.62
554,Santarem,BR,2020-11-13 08:15:01,-2.44,-54.71,78.8,88,0,4.7
555,Campo Do Brito,BR,2020-11-13 08:15:01,-10.73,-37.49,78.8,78,20,10.29
556,Pimentel,PE,2020-11-13 08:15:01,-6.84,-79.93,62.26,91,100,12.1
557,Upington,ZA,2020-11-13 08:15:01,-28.45,21.26,86.0,30,0,16.11
558,Coihaique,CL,2020-11-13 08:15:01,-45.58,-72.07,48.2,81,75,6.93
559,Naze,JP,2020-11-13 08:15:04,28.37,129.48,73.4,49,40,11.41
560,Ciudad Bolivar,VE,2020-11-13 08:15:04,8.12,-63.55,76.55,85,67,7.45
561,Mangrol,IN,2020-11-13 08:15:04,21.12,70.12,86.27,31,0,2.53
562,Nunkini,MX,2020-11-13 08:15:05,20.33,-90.18,72.48,98,24,2.42
563,Acari,PE,2020-11-13 08:15:05,-15.43,-74.62,62.38,67,66,2.39
564,Asyut,EG,2020-11-13 08:15:05,27.18,31.18,66.2,48,0,6.93
565,Espanola,US,2020-11-13 08:15:02,35.99,-106.08,36.0,29,1,1.21
566,Inhambane,MZ,2020-11-13 08:15:06,-23.86,35.38,80.6,47,40,8.05
567,Sovetskiy,RU,2020-11-13 08:15:06,61.36,63.58,19.08,90,100,9.93
568,Sur,OM,2020-11-13 08:15:07,22.57,59.53,85.46,33,0,8.79
569,Zeya,RU,2020-11-13 08:15:07,53.75,127.27,20.93,95,0,1.57
570,San Rafael,AR,2020-11-13 08:11:53,-34.62,-68.33,63.59,70,10,5.64
571,Sambava,MG,2020-11-13 08:15:07,-14.27,50.17,83.07,61,24,9.64
572,Montijo,PT,2020-11-13 08:15:07,38.71,-8.97,55.99,100,20,5.82
573,Maraba,BR,2020-11-13 08:15:08,-5.37,-49.12,77.0,94,0,3.36
574,Marsabit,KE,2020-11-13 08:15:08,2.33,37.99,71.71,76,79,14.14
575,Port Hueneme,US,2020-11-13 08:11:26,34.15,-119.2,48.2,81,1,5.82
576,Huainan,CN,2020-11-13 08:15:08,32.63,117.0,70.2,35,0,9.84
577,Verkhoyansk,RU,2020-11-13 08:15:08,67.54,133.38,-13.74,87,79,1.07
578,Sibu,MY,2020-11-13 08:15:08,2.3,111.82,87.8,70,40,10.29
579,Ostrovnoy,RU,2020-11-13 08:15:09,68.05,39.51,26.17,96,100,9.84
